,ds_name,n_sampling,real_f1
0,bank-marketing,100,0.7111111111111111
1,bank-marketing,100,0.8
2,bank-marketing,100,0.8192771084337349
3,bank-marketing,100,0.8620689655172413
4,bank-marketing,100,0.7216494845360825
5,bank-marketing,100,0.7216494845360825
6,bank-marketing,100,0.6857142857142857
7,bank-marketing,100,0.7142857142857143
8,bank-marketing,100,0.6666666666666666
9,bank-marketing,100,0.75
10,bank-marketing,100,0.6464646464646465
11,bank-marketing,100,0.6329113924050633
12,bank-marketing,100,0.7083333333333334
13,bank-marketing,100,0.6938775510204082
14,bank-marketing,100,0.6818181818181818
15,bank-marketing,100,0.8
16,bank-marketing,100,0.6990291262135923
17,bank-marketing,100,0.7115384615384616
18,bank-marketing,100,0.673469387755102
19,bank-marketing,100,0.7216494845360825
20,bank-marketing,100,0.7047619047619048
21,bank-marketing,100,0.7692307692307693
22,bank-marketing,100,0.6588235294117647
23,bank-marketing,100,0.7311827956989247
24,bank-marketing,100,0.6736842105263158
25,bank-marketing,100,0.7524752475247525
26,bank-marketing,100,0.7339449541284404
27,bank-marketing,100,0.7560975609756098
28,bank-marketing,100,0.7951807228915663
29,bank-marketing,100,0.7289719626168224
30,bank-marketing,100,0.7450980392156863
31,bank-marketing,100,0.7526881720430108
32,bank-marketing,100,0.7
33,bank-marketing,100,0.8653846153846154
34,bank-marketing,100,0.7010309278350515
35,bank-marketing,100,0.7755102040816326
36,bank-marketing,100,0.6410256410256411
37,bank-marketing,100,0.7547169811320755
38,bank-marketing,100,0.6818181818181818
39,bank-marketing,100,0.7358490566037735
40,bank-marketing,100,0.8085106382978723
41,bank-marketing,100,0.7142857142857143
42,bank-marketing,100,0.7755102040816326
43,bank-marketing,100,0.7368421052631579
44,bank-marketing,100,0.7155963302752294
45,bank-marketing,100,0.6419753086419753
46,bank-marketing,100,0.7216494845360825
47,bank-marketing,100,0.76
48,bank-marketing,100,0.7115384615384616
49,bank-marketing,100,0.7850467289719626
50,bank-marketing,100,0.7524752475247525
51,bank-marketing,100,0.6597938144329897
52,bank-marketing,100,0.8035714285714286
53,bank-marketing,100,0.7843137254901961
54,bank-marketing,100,0.7927927927927928
55,bank-marketing,100,0.6938775510204082
56,bank-marketing,100,0.6666666666666666
57,bank-marketing,100,0.6966292134831461
58,bank-marketing,100,0.7524752475247525
59,bank-marketing,100,0.6938775510204082
60,bank-marketing,100,0.7636363636363637
61,bank-marketing,100,0.7083333333333334
62,bank-marketing,100,0.8
63,bank-marketing,100,0.717391304347826
64,bank-marketing,100,0.66
65,bank-marketing,100,0.8172043010752689
66,bank-marketing,100,0.7474747474747475
67,bank-marketing,100,0.6875
68,bank-marketing,100,0.7619047619047619
69,bank-marketing,100,0.7380952380952381
70,bank-marketing,100,0.7647058823529411
71,bank-marketing,100,0.6595744680851063
72,bank-marketing,100,0.7428571428571429
73,bank-marketing,100,0.6746987951807228
74,bank-marketing,100,0.7884615384615384
75,bank-marketing,100,0.7415730337078652
76,bank-marketing,100,0.7457627118644068
77,bank-marketing,100,0.6823529411764706
78,bank-marketing,100,0.7551020408163265
79,bank-marketing,100,0.75
80,bank-marketing,100,0.6881720430107527
81,bank-marketing,100,0.7058823529411765
82,bank-marketing,100,0.7777777777777778
83,bank-marketing,100,0.7037037037037037
84,bank-marketing,100,0.6875
85,bank-marketing,100,0.6875
86,bank-marketing,100,0.7843137254901961
87,bank-marketing,100,0.7766990291262136
88,bank-marketing,100,0.6823529411764706
89,bank-marketing,100,0.7628865979381443
90,bank-marketing,100,0.8037383177570093
91,bank-marketing,100,0.8282828282828283
92,bank-marketing,100,0.7045454545454546
93,bank-marketing,100,0.6744186046511628
94,bank-marketing,100,0.8
95,bank-marketing,100,0.7254901960784313
96,bank-marketing,100,0.8080808080808081
97,bank-marketing,100,0.7766990291262136
98,bank-marketing,100,0.5853658536585366
99,bank-marketing,100,0.75
100,california,100,0.8421052631578947
101,california,100,0.7543859649122807
102,california,100,0.8037383177570093
103,california,100,0.8543689320388349
104,california,100,0.84
105,california,100,0.8118811881188119
106,california,100,0.8932038834951457
107,california,100,0.7407407407407407
108,california,100,0.8172043010752689
109,california,100,0.7916666666666666
110,california,100,0.7474747474747475
111,california,100,0.8181818181818182
112,california,100,0.8543689320388349
113,california,100,0.7727272727272727
114,california,100,0.8571428571428571
115,california,100,0.759493670886076
116,california,100,0.7722772277227723
117,california,100,0.8032786885245902
118,california,100,0.8823529411764706
119,california,100,0.8
120,california,100,0.8113207547169812
121,california,100,0.7586206896551724
122,california,100,0.8947368421052632
123,california,100,0.8188976377952756
124,california,100,0.8282828282828283
125,california,100,0.7610619469026548
126,california,100,0.8085106382978723
127,california,100,0.8034188034188035
128,california,100,0.76
129,california,100,0.8305084745762712
130,california,100,0.896551724137931
131,california,100,0.7884615384615384
132,california,100,0.8349514563106796
133,california,100,0.8073394495412844
134,california,100,0.7850467289719626
135,california,100,0.7619047619047619
136,california,100,0.8301886792452831
137,california,100,0.831858407079646
138,california,100,0.780952380952381
139,california,100,0.865979381443299
140,california,100,0.7346938775510204
141,california,100,0.819047619047619
142,california,100,0.8387096774193549
143,california,100,0.8392857142857143
144,california,100,0.7747747747747747
145,california,100,0.6818181818181818
146,california,100,0.8
147,california,100,0.7551020408163265
148,california,100,0.7619047619047619
149,california,100,0.8672566371681416
150,california,100,0.8392857142857143
151,california,100,0.8260869565217391
152,california,100,0.8264462809917356
153,california,100,0.7956989247311828
154,california,100,0.7777777777777778
155,california,100,0.8043478260869565
156,california,100,0.7924528301886793
157,california,100,0.8245614035087719
158,california,100,0.7916666666666666
159,california,100,0.8349514563106796
160,california,100,0.7747747747747747
161,california,100,0.7777777777777778
162,california,100,0.7766990291262136
163,california,100,0.8148148148148148
164,california,100,0.7476635514018691
165,california,100,0.831858407079646
166,california,100,0.7962962962962963
167,california,100,0.7619047619047619
168,california,100,0.7777777777777778
169,california,100,0.8085106382978723
170,california,100,0.7889908256880734
171,california,100,0.6792452830188679
172,california,100,0.7961165048543689
173,california,100,0.8305084745762712
174,california,100,0.7551020408163265
175,california,100,0.7857142857142857
176,california,100,0.8333333333333334
177,california,100,0.74
178,california,100,0.7326732673267327
179,california,100,0.7326732673267327
180,california,100,0.8490566037735849
181,california,100,0.88
182,california,100,0.8444444444444444
183,california,100,0.7961165048543689
184,california,100,0.8288288288288288
185,california,100,0.7555555555555555
186,california,100,0.8155339805825242
187,california,100,0.819047619047619
188,california,100,0.7789473684210526
189,california,100,0.8301886792452831
190,california,100,0.822429906542056
191,california,100,0.7818181818181819
192,california,100,0.8
193,california,100,0.8103448275862069
194,california,100,0.8521739130434782
195,california,100,0.7524752475247525
196,california,100,0.7818181818181819
197,california,100,0.7920792079207921
198,california,100,0.8421052631578947
199,california,100,0.7238095238095238
200,credit,100,0.6542056074766355
201,credit,100,0.7045454545454546
202,credit,100,0.7868852459016393
203,credit,100,0.7961165048543689
204,credit,100,0.7070707070707071
205,credit,100,0.7090909090909091
206,credit,100,0.7128712871287128
207,credit,100,0.8037383177570093
208,credit,100,0.8412698412698413
209,credit,100,0.6842105263157895
210,credit,100,0.7407407407407407
211,credit,100,0.7358490566037735
212,credit,100,0.7476635514018691
213,credit,100,0.7619047619047619
214,credit,100,0.723404255319149
215,credit,100,0.7920792079207921
216,credit,100,0.7311827956989247
217,credit,100,0.7872340425531915
218,credit,100,0.6888888888888889
219,credit,100,0.7368421052631579
220,credit,100,0.6213592233009708
221,credit,100,0.717391304347826
222,credit,100,0.8
223,credit,100,0.7706422018348624
224,credit,100,0.7128712871287128
225,credit,100,0.7238095238095238
226,credit,100,0.7083333333333334
227,credit,100,0.7450980392156863
228,credit,100,0.7021276595744681
229,credit,100,0.7524752475247525
230,credit,100,0.7272727272727273
231,credit,100,0.7619047619047619
232,credit,100,0.68
233,credit,100,0.7706422018348624
234,credit,100,0.6875
235,credit,100,0.7115384615384616
236,credit,100,0.6666666666666666
237,credit,100,0.7924528301886793
238,credit,100,0.7572815533980582
239,credit,100,0.7272727272727273
240,credit,100,0.7592592592592593
241,credit,100,0.7933884297520661
242,credit,100,0.7959183673469388
243,credit,100,0.7010309278350515
244,credit,100,0.6067415730337079
245,credit,100,0.7766990291262136
246,credit,100,0.7311827956989247
247,credit,100,0.6666666666666666
248,credit,100,0.68
249,credit,100,0.7916666666666666
250,credit,100,0.6326530612244898
251,credit,100,0.6595744680851063
252,credit,100,0.7659574468085106
253,credit,100,0.7843137254901961
254,credit,100,0.7391304347826086
255,credit,100,0.7252747252747253
256,credit,100,0.6938775510204082
257,credit,100,0.8210526315789474
258,credit,100,0.7128712871287128
259,credit,100,0.7450980392156863
260,credit,100,0.6888888888888889
261,credit,100,0.7238095238095238
262,credit,100,0.7272727272727273
263,credit,100,0.7692307692307693
264,credit,100,0.7450980392156863
265,credit,100,0.6548672566371682
266,credit,100,0.7238095238095238
267,credit,100,0.7027027027027027
268,credit,100,0.6666666666666666
269,credit,100,0.6938775510204082
270,credit,100,0.7676767676767676
271,credit,100,0.6990291262135923
272,credit,100,0.78
273,credit,100,0.7610619469026548
274,credit,100,0.7058823529411765
275,credit,100,0.7311827956989247
276,credit,100,0.5882352941176471
277,credit,100,0.6666666666666666
278,credit,100,0.780952380952381
279,credit,100,0.831858407079646
280,credit,100,0.6736842105263158
281,credit,100,0.6938775510204082
282,credit,100,0.6382978723404256
283,credit,100,0.7
284,credit,100,0.8247422680412371
285,credit,100,0.717391304347826
286,credit,100,0.7407407407407407
287,credit,100,0.75
288,credit,100,0.782608695652174
289,credit,100,0.7272727272727273
290,credit,100,0.7722772277227723
291,credit,100,0.7407407407407407
292,credit,100,0.7787610619469026
293,credit,100,0.7521367521367521
294,credit,100,0.7311827956989247
295,credit,100,0.7184466019417476
296,credit,100,0.6666666666666666
297,credit,100,0.7476635514018691
298,credit,100,0.7128712871287128
299,credit,100,0.7272727272727273
300,bank-marketing,200,0.7870370370370371
301,bank-marketing,200,0.7945205479452054
302,bank-marketing,200,0.7106598984771574
303,bank-marketing,200,0.7004608294930875
304,bank-marketing,200,0.7368421052631579
305,bank-marketing,200,0.6844919786096256
306,bank-marketing,200,0.7135135135135136
307,bank-marketing,200,0.751219512195122
308,bank-marketing,200,0.7578947368421053
309,bank-marketing,200,0.7523809523809524
310,bank-marketing,200,0.7567567567567568
311,bank-marketing,200,0.8137254901960784
312,bank-marketing,200,0.7570093457943925
313,bank-marketing,200,0.7374301675977654
314,bank-marketing,200,0.7793427230046949
315,bank-marketing,200,0.7663551401869159
316,bank-marketing,200,0.7407407407407407
317,bank-marketing,200,0.7692307692307693
318,bank-marketing,200,0.8037383177570093
319,bank-marketing,200,0.751219512195122
320,bank-marketing,200,0.75
321,bank-marketing,200,0.7307692307692307
322,bank-marketing,200,0.8075117370892019
323,bank-marketing,200,0.723404255319149
324,bank-marketing,200,0.7096774193548387
325,bank-marketing,200,0.7582938388625592
326,bank-marketing,200,0.78125
327,bank-marketing,200,0.7668393782383419
328,bank-marketing,200,0.75
329,bank-marketing,200,0.7562189054726368
330,bank-marketing,200,0.7106598984771574
331,bank-marketing,200,0.7549019607843137
332,bank-marketing,200,0.7317073170731707
333,bank-marketing,200,0.7575757575757576
334,bank-marketing,200,0.6545454545454545
335,bank-marketing,200,0.7839195979899497
336,bank-marketing,200,0.7011494252873564
337,bank-marketing,200,0.7684729064039408
338,bank-marketing,200,0.7757009345794392
339,bank-marketing,200,0.7024390243902439
340,bank-marketing,200,0.74
341,bank-marketing,200,0.72
342,bank-marketing,200,0.7614213197969543
343,bank-marketing,200,0.7032967032967034
344,bank-marketing,200,0.7755102040816326
345,bank-marketing,200,0.7272727272727273
346,bank-marketing,200,0.7707317073170732
347,bank-marketing,200,0.7219512195121951
348,bank-marketing,200,0.7619047619047619
349,bank-marketing,200,0.7793427230046949
350,bank-marketing,200,0.7027027027027027
351,bank-marketing,200,0.7619047619047619
352,bank-marketing,200,0.7171717171717171
353,bank-marketing,200,0.7487684729064039
354,bank-marketing,200,0.7853881278538812
355,bank-marketing,200,0.8093023255813954
356,bank-marketing,200,0.7346938775510204
357,bank-marketing,200,0.7465437788018433
358,bank-marketing,200,0.7589743589743589
359,bank-marketing,200,0.776595744680851
360,bank-marketing,200,0.7085714285714285
361,bank-marketing,200,0.7362637362637363
362,bank-marketing,200,0.7317073170731707
363,bank-marketing,200,0.7605633802816901
364,bank-marketing,200,0.7195767195767195
365,bank-marketing,200,0.7897435897435897
366,bank-marketing,200,0.7722772277227723
367,bank-marketing,200,0.7071823204419889
368,bank-marketing,200,0.7547169811320755
369,bank-marketing,200,0.7939698492462312
370,bank-marketing,200,0.7461139896373057
371,bank-marketing,200,0.7782805429864253
372,bank-marketing,200,0.7029702970297029
373,bank-marketing,200,0.6850828729281768
374,bank-marketing,200,0.7525773195876289
375,bank-marketing,200,0.7058823529411765
376,bank-marketing,200,0.6961325966850829
377,bank-marketing,200,0.7692307692307693
378,bank-marketing,200,0.7087378640776699
379,bank-marketing,200,0.714975845410628
380,bank-marketing,200,0.6770833333333334
381,bank-marketing,200,0.7254901960784313
382,bank-marketing,200,0.7513812154696132
383,bank-marketing,200,0.7685185185185185
384,bank-marketing,200,0.7553191489361702
385,bank-marketing,200,0.7352941176470589
386,bank-marketing,200,0.717391304347826
387,bank-marketing,200,0.7378640776699029
388,bank-marketing,200,0.7772020725388601
389,bank-marketing,200,0.7411167512690355
390,bank-marketing,200,0.71875
391,bank-marketing,200,0.7195121951219512
392,bank-marketing,200,0.7960199004975125
393,bank-marketing,200,0.7614213197969543
394,bank-marketing,200,0.6961325966850829
395,bank-marketing,200,0.7539267015706806
396,bank-marketing,200,0.8186528497409327
397,bank-marketing,200,0.7853403141361257
398,bank-marketing,200,0.7605633802816901
399,bank-marketing,200,0.7515151515151515
400,california,200,0.7961165048543689
401,california,200,0.8125
402,california,200,0.8558139534883721
403,california,200,0.8038277511961722
404,california,200,0.8378378378378378
405,california,200,0.8909952606635071
406,california,200,0.8118811881188119
407,california,200,0.78
408,california,200,0.8266666666666667
409,california,200,0.7755102040816326
410,california,200,0.7865168539325843
411,california,200,0.8341708542713567
412,california,200,0.8367346938775511
413,california,200,0.8482142857142857
414,california,200,0.78
415,california,200,0.8383838383838383
416,california,200,0.7802197802197802
417,california,200,0.8020833333333334
418,california,200,0.7788461538461539
419,california,200,0.8115942028985508
420,california,200,0.8857142857142857
421,california,200,0.8041237113402062
422,california,200,0.8458149779735683
423,california,200,0.8177339901477833
424,california,200,0.803921568627451
425,california,200,0.8045977011494253
426,california,200,0.7706422018348624
427,california,200,0.7403314917127072
428,california,200,0.8058252427184466
429,california,200,0.8159203980099502
430,california,200,0.7807486631016043
431,california,200,0.819672131147541
432,california,200,0.82
433,california,200,0.8481675392670157
434,california,200,0.8042328042328042
435,california,200,0.8390243902439024
436,california,200,0.8356807511737089
437,california,200,0.8309178743961353
438,california,200,0.7473684210526316
439,california,200,0.8461538461538461
440,california,200,0.8266666666666667
441,california,200,0.8454545454545455
442,california,200,0.8235294117647058
443,california,200,0.7734806629834254
444,california,200,0.8442211055276382
445,california,200,0.8367346938775511
446,california,200,0.7872340425531915
447,california,200,0.8442211055276382
448,california,200,0.8557692307692307
449,california,200,0.7777777777777778
450,california,200,0.8113207547169812
451,california,200,0.8272251308900523
452,california,200,0.8325358851674641
453,california,200,0.8292682926829268
454,california,200,0.7661691542288557
455,california,200,0.8089887640449438
456,california,200,0.7804878048780488
457,california,200,0.8502415458937198
458,california,200,0.8198198198198198
459,california,200,0.7813953488372093
460,california,200,0.7766990291262136
461,california,200,0.8144329896907216
462,california,200,0.8173076923076923
463,california,200,0.8316831683168316
464,california,200,0.8275862068965517
465,california,200,0.8285714285714286
466,california,200,0.8128342245989305
467,california,200,0.8421052631578947
468,california,200,0.7843137254901961
469,california,200,0.8082901554404145
470,california,200,0.8078817733990148
471,california,200,0.8115942028985508
472,california,200,0.7960199004975125
473,california,200,0.7960199004975125
474,california,200,0.783068783068783
475,california,200,0.8137254901960784
476,california,200,0.8732394366197183
477,california,200,0.8407079646017699
478,california,200,0.8102564102564103
479,california,200,0.8558139534883721
480,california,200,0.7956989247311828
481,california,200,0.8341708542713567
482,california,200,0.8195121951219512
483,california,200,0.832579185520362
484,california,200,0.7461139896373057
485,california,200,0.8436018957345972
486,california,200,0.8387096774193549
487,california,200,0.8223350253807107
488,california,200,0.8041237113402062
489,california,200,0.7958115183246073
490,california,200,0.8061224489795918
491,california,200,0.8316831683168316
492,california,200,0.85
493,california,200,0.8110599078341014
494,california,200,0.8290155440414507
495,california,200,0.8363636363636363
496,california,200,0.7735849056603774
497,california,200,0.7878787878787878
498,california,200,0.797752808988764
499,california,200,0.7914438502673797
500,credit,200,0.7551020408163265
501,credit,200,0.7623318385650224
502,credit,200,0.7676767676767676
503,credit,200,0.6705202312138728
504,credit,200,0.7
505,credit,200,0.7121951219512195
506,credit,200,0.6570048309178744
507,credit,200,0.71875
508,credit,200,0.7253886010362695
509,credit,200,0.6903553299492385
510,credit,200,0.7281553398058253
511,credit,200,0.6732673267326733
512,credit,200,0.7177033492822966
513,credit,200,0.7586206896551724
514,credit,200,0.7087378640776699
515,credit,200,0.7375
516,credit,200,0.73224043715847
517,credit,200,0.7096774193548387
518,credit,200,0.7195767195767195
519,credit,200,0.7596153846153846
520,credit,200,0.7128712871287128
521,credit,200,0.7487684729064039
522,credit,200,0.7076923076923077
523,credit,200,0.7437185929648241
524,credit,200,0.711340206185567
525,credit,200,0.7142857142857143
526,credit,200,0.7411167512690355
527,credit,200,0.7586206896551724
528,credit,200,0.7397260273972602
529,credit,200,0.6455026455026455
530,credit,200,0.7093596059113301
531,credit,200,0.6907216494845361
532,credit,200,0.7439613526570048
533,credit,200,0.7121951219512195
534,credit,200,0.7707317073170732
535,credit,200,0.75
536,credit,200,0.6936416184971098
537,credit,200,0.6896551724137931
538,credit,200,0.7411167512690355
539,credit,200,0.7477477477477478
540,credit,200,0.696078431372549
541,credit,200,0.7157894736842105
542,credit,200,0.6859903381642513
543,credit,200,0.6989247311827957
544,credit,200,0.76
545,credit,200,0.7096774193548387
546,credit,200,0.7164179104477612
547,credit,200,0.7609756097560976
548,credit,200,0.7039106145251397
549,credit,200,0.7225130890052356
550,credit,200,0.7596153846153846
551,credit,200,0.7452830188679245
552,credit,200,0.8191489361702128
553,credit,200,0.7357512953367875
554,credit,200,0.7894736842105263
555,credit,200,0.7692307692307693
556,credit,200,0.7559808612440191
557,credit,200,0.7567567567567568
558,credit,200,0.6595744680851063
559,credit,200,0.7241379310344828
560,credit,200,0.7027027027027027
561,credit,200,0.714975845410628
562,credit,200,0.75
563,credit,200,0.7307692307692307
564,credit,200,0.6919431279620853
565,credit,200,0.6976744186046512
566,credit,200,0.7357512953367875
567,credit,200,0.8240343347639485
568,credit,200,0.7156862745098039
569,credit,200,0.7668393782383419
570,credit,200,0.7120418848167539
571,credit,200,0.723404255319149
572,credit,200,0.7204301075268817
573,credit,200,0.719626168224299
574,credit,200,0.7487684729064039
575,credit,200,0.7219512195121951
576,credit,200,0.7523809523809524
577,credit,200,0.7127659574468085
578,credit,200,0.6666666666666666
579,credit,200,0.7582938388625592
580,credit,200,0.6966292134831461
581,credit,200,0.7027027027027027
582,credit,200,0.7582417582417582
583,credit,200,0.6907216494845361
584,credit,200,0.7272727272727273
585,credit,200,0.6862745098039216
586,credit,200,0.7058823529411765
587,credit,200,0.729064039408867
588,credit,200,0.7115384615384616
589,credit,200,0.6907216494845361
590,credit,200,0.7628865979381443
591,credit,200,0.7164179104477612
592,credit,200,0.6666666666666666
593,credit,200,0.7064676616915423
594,credit,200,0.6666666666666666
595,credit,200,0.7782805429864253
596,credit,200,0.7444444444444445
597,credit,200,0.7464114832535885
598,credit,200,0.6915887850467289
599,credit,200,0.6557377049180327
600,bank-marketing,500,0.76171875
601,bank-marketing,500,0.759656652360515
602,bank-marketing,500,0.7245762711864406
603,bank-marketing,500,0.7775467775467776
604,bank-marketing,500,0.7667342799188641
605,bank-marketing,500,0.7523992322456814
606,bank-marketing,500,0.788
607,bank-marketing,500,0.7468879668049793
608,bank-marketing,500,0.7430830039525692
609,bank-marketing,500,0.7928994082840237
610,bank-marketing,500,0.7841584158415842
611,bank-marketing,500,0.7456140350877193
612,bank-marketing,500,0.7650727650727651
613,bank-marketing,500,0.7854406130268199
614,bank-marketing,500,0.7736625514403292
615,bank-marketing,500,0.7780040733197556
616,bank-marketing,500,0.7627118644067796
617,bank-marketing,500,0.7795275590551181
618,bank-marketing,500,0.7864271457085829
619,bank-marketing,500,0.7727272727272727
620,bank-marketing,500,0.7533039647577092
621,bank-marketing,500,0.7821011673151751
622,bank-marketing,500,0.7679324894514767
623,bank-marketing,500,0.781563126252505
624,bank-marketing,500,0.7885714285714286
625,bank-marketing,500,0.7599164926931107
626,bank-marketing,500,0.7280163599182005
627,bank-marketing,500,0.7884615384615384
628,bank-marketing,500,0.7923076923076923
629,bank-marketing,500,0.782608695652174
630,bank-marketing,500,0.7810650887573964
631,bank-marketing,500,0.7867494824016563
632,bank-marketing,500,0.7575150300601202
633,bank-marketing,500,0.7859922178988327
634,bank-marketing,500,0.7625
635,bank-marketing,500,0.7755905511811023
636,bank-marketing,500,0.776
637,bank-marketing,500,0.7898832684824902
638,bank-marketing,500,0.793713163064833
639,bank-marketing,500,0.7619047619047619
640,bank-marketing,500,0.7617021276595745
641,bank-marketing,500,0.7944111776447106
642,bank-marketing,500,0.7884615384615384
643,bank-marketing,500,0.7531914893617021
644,bank-marketing,500,0.746268656716418
645,bank-marketing,500,0.7689320388349514
646,bank-marketing,500,0.7540322580645161
647,bank-marketing,500,0.7533980582524272
648,bank-marketing,500,0.7717842323651453
649,bank-marketing,500,0.7777777777777778
650,bank-marketing,500,0.796
651,bank-marketing,500,0.75
652,bank-marketing,500,0.7677165354330708
653,bank-marketing,500,0.7762376237623763
654,bank-marketing,500,0.7897838899803536
655,bank-marketing,500,0.728448275862069
656,bank-marketing,500,0.7714285714285715
657,bank-marketing,500,0.8033126293995859
658,bank-marketing,500,0.8
659,bank-marketing,500,0.7558386411889597
660,bank-marketing,500,0.7632093933463796
661,bank-marketing,500,0.7723577235772358
662,bank-marketing,500,0.7670103092783506
663,bank-marketing,500,0.7898832684824902
664,bank-marketing,500,0.7613168724279835
665,bank-marketing,500,0.7653276955602537
666,bank-marketing,500,0.7906976744186046
667,bank-marketing,500,0.766798418972332
668,bank-marketing,500,0.7357293868921776
669,bank-marketing,500,0.7773279352226721
670,bank-marketing,500,0.7667342799188641
671,bank-marketing,500,0.7566462167689162
672,bank-marketing,500,0.7791164658634538
673,bank-marketing,500,0.77431906614786
674,bank-marketing,500,0.7833001988071571
675,bank-marketing,500,0.7725490196078432
676,bank-marketing,500,0.7922912205567452
677,bank-marketing,500,0.7891440501043842
678,bank-marketing,500,0.7755102040816326
679,bank-marketing,500,0.7935222672064778
680,bank-marketing,500,0.7591836734693878
681,bank-marketing,500,0.8023715415019763
682,bank-marketing,500,0.7808764940239044
683,bank-marketing,500,0.7085953878406709
684,bank-marketing,500,0.7248908296943232
685,bank-marketing,500,0.7673956262425448
686,bank-marketing,500,0.7670103092783506
687,bank-marketing,500,0.7422680412371134
688,bank-marketing,500,0.720682302771855
689,bank-marketing,500,0.7308533916849015
690,bank-marketing,500,0.7872763419483101
691,bank-marketing,500,0.75
692,bank-marketing,500,0.7784679089026915
693,bank-marketing,500,0.7704918032786885
694,bank-marketing,500,0.8186915887850468
695,bank-marketing,500,0.7735042735042735
696,bank-marketing,500,0.7432150313152401
697,bank-marketing,500,0.7722007722007722
698,bank-marketing,500,0.7762376237623763
699,bank-marketing,500,0.7755102040816326
700,california,500,0.838012958963283
701,california,500,0.8493150684931506
702,california,500,0.8042553191489362
703,california,500,0.8402366863905325
704,california,500,0.8565737051792829
705,california,500,0.8360655737704918
706,california,500,0.8707753479125249
707,california,500,0.8946322067594433
708,california,500,0.8594704684317719
709,california,500,0.831275720164609
710,california,500,0.8373983739837398
711,california,500,0.8410462776659959
712,california,500,0.8487229862475442
713,california,500,0.8541666666666666
714,california,500,0.836
715,california,500,0.8333333333333334
716,california,500,0.853448275862069
717,california,500,0.8298755186721992
718,california,500,0.8362235067437379
719,california,500,0.851063829787234
720,california,500,0.8202020202020202
721,california,500,0.8531187122736419
722,california,500,0.86
723,california,500,0.8127659574468085
724,california,500,0.871578947368421
725,california,500,0.8316430020283976
726,california,500,0.8495934959349594
727,california,500,0.8599221789883269
728,california,500,0.8354978354978355
729,california,500,0.8296943231441049
730,california,500,0.8233009708737864
731,california,500,0.8168421052631579
732,california,500,0.8440748440748441
733,california,500,0.8398268398268398
734,california,500,0.836027713625866
735,california,500,0.8251121076233184
736,california,500,0.8373983739837398
737,california,500,0.8379446640316206
738,california,500,0.8421052631578947
739,california,500,0.8392484342379958
740,california,500,0.8461538461538461
741,california,500,0.8773388773388774
742,california,500,0.8459958932238193
743,california,500,0.8170731707317073
744,california,500,0.857707509881423
745,california,500,0.8162393162393162
746,california,500,0.8281573498964804
747,california,500,0.8644400785854617
748,california,500,0.8311688311688312
749,california,500,0.8629032258064516
750,california,500,0.8686868686868687
751,california,500,0.8543307086614174
752,california,500,0.8553459119496856
753,california,500,0.8646464646464647
754,california,500,0.8356997971602435
755,california,500,0.8329896907216495
756,california,500,0.826722338204593
757,california,500,0.84472049689441
758,california,500,0.84472049689441
759,california,500,0.8441814595660749
760,california,500,0.8358862144420132
761,california,500,0.8313725490196079
762,california,500,0.8582995951417004
763,california,500,0.8271604938271605
764,california,500,0.8344086021505376
765,california,500,0.8285714285714286
766,california,500,0.8487229862475442
767,california,500,0.8286852589641435
768,california,500,0.8571428571428571
769,california,500,0.8519269776876268
770,california,500,0.885593220338983
771,california,500,0.8425357873210634
772,california,500,0.844
773,california,500,0.8432203389830508
774,california,500,0.8333333333333334
775,california,500,0.8433734939759037
776,california,500,0.8326530612244898
777,california,500,0.8571428571428571
778,california,500,0.8994082840236687
779,california,500,0.8166666666666667
780,california,500,0.8668076109936576
781,california,500,0.8547008547008547
782,california,500,0.8290598290598291
783,california,500,0.8381742738589212
784,california,500,0.856
785,california,500,0.8373983739837398
786,california,500,0.8554216867469879
787,california,500,0.8467432950191571
788,california,500,0.8164948453608247
789,california,500,0.841648590021692
790,california,500,0.799163179916318
791,california,500,0.8183716075156576
792,california,500,0.8416833667334669
793,california,500,0.851063829787234
794,california,500,0.8656126482213439
795,california,500,0.8513238289205702
796,california,500,0.8683127572016461
797,california,500,0.8577319587628865
798,california,500,0.8512396694214877
799,california,500,0.8677839851024208
800,credit,500,0.7261904761904762
801,credit,500,0.717741935483871
802,credit,500,0.7252747252747253
803,credit,500,0.7615230460921844
804,credit,500,0.7253668763102725
805,credit,500,0.7145877378435518
806,credit,500,0.7485380116959064
807,credit,500,0.7269155206286837
808,credit,500,0.7205882352941176
809,credit,500,0.7455621301775148
810,credit,500,0.7784200385356455
811,credit,500,0.7288503253796096
812,credit,500,0.7521367521367521
813,credit,500,0.7560975609756098
814,credit,500,0.7165991902834008
815,credit,500,0.7455621301775148
816,credit,500,0.7450980392156863
817,credit,500,0.6962025316455697
818,credit,500,0.6666666666666666
819,credit,500,0.7341772151898734
820,credit,500,0.7096774193548387
821,credit,500,0.6788617886178862
822,credit,500,0.7041666666666667
823,credit,500,0.7151515151515152
824,credit,500,0.7154811715481172
825,credit,500,0.6859504132231405
826,credit,500,0.7021276595744681
827,credit,500,0.7264957264957265
828,credit,500,0.7233201581027668
829,credit,500,0.7134020618556701
830,credit,500,0.7551867219917012
831,credit,500,0.7258382642998028
832,credit,500,0.7261410788381742
833,credit,500,0.7419354838709677
834,credit,500,0.7485148514851485
835,credit,500,0.71875
836,credit,500,0.7381443298969073
837,credit,500,0.7149122807017544
838,credit,500,0.7128309572301426
839,credit,500,0.7066115702479339
840,credit,500,0.6918238993710691
841,credit,500,0.7355371900826446
842,credit,500,0.7313131313131314
843,credit,500,0.6997929606625258
844,credit,500,0.6711711711711712
845,credit,500,0.7728155339805826
846,credit,500,0.7421875
847,credit,500,0.7387755102040816
848,credit,500,0.7238805970149254
849,credit,500,0.7366336633663366
850,credit,500,0.6967741935483871
851,credit,500,0.7154150197628458
852,credit,500,0.6777546777546778
853,credit,500,0.7297830374753451
854,credit,500,0.7305122494432071
855,credit,500,0.7247524752475247
856,credit,500,0.7355371900826446
857,credit,500,0.7484909456740443
858,credit,500,0.7294117647058823
859,credit,500,0.751004016064257
860,credit,500,0.757085020242915
861,credit,500,0.72552783109405
862,credit,500,0.7337278106508875
863,credit,500,0.7348643006263048
864,credit,500,0.6855983772819473
865,credit,500,0.7058823529411765
866,credit,500,0.7302904564315352
867,credit,500,0.7381443298969073
868,credit,500,0.7682119205298014
869,credit,500,0.762278978388998
870,credit,500,0.6991525423728814
871,credit,500,0.757396449704142
872,credit,500,0.7338709677419355
873,credit,500,0.7234848484848485
874,credit,500,0.7403100775193798
875,credit,500,0.70042194092827
876,credit,500,0.718052738336714
877,credit,500,0.736
878,credit,500,0.7261663286004056
879,credit,500,0.7290448343079922
880,credit,500,0.6639175257731958
881,credit,500,0.7655310621242485
882,credit,500,0.7352380952380952
883,credit,500,0.7362204724409449
884,credit,500,0.731006160164271
885,credit,500,0.7082494969818913
886,credit,500,0.728
887,credit,500,0.7004048582995951
888,credit,500,0.7196819085487077
889,credit,500,0.6910569105691057
890,credit,500,0.7661141804788214
891,credit,500,0.7211155378486056
892,credit,500,0.7254901960784313
893,credit,500,0.6818181818181818
894,credit,500,0.709278350515464
895,credit,500,0.7379032258064516
896,credit,500,0.6851063829787234
897,credit,500,0.6865671641791045
898,credit,500,0.7113821138211383
899,credit,500,0.745417515274949
900,bank-marketing,1000,0.8107569721115537
901,bank-marketing,1000,0.796828543111992
902,bank-marketing,1000,0.7622868605817452
903,bank-marketing,1000,0.8020304568527918
904,bank-marketing,1000,0.8064823641563393
905,bank-marketing,1000,0.8143261074458058
906,bank-marketing,1000,0.7956131605184447
907,bank-marketing,1000,0.8074291300097751
908,bank-marketing,1000,0.8089053803339518
909,bank-marketing,1000,0.7992007992007992
910,bank-marketing,1000,0.7767175572519084
911,bank-marketing,1000,0.7916666666666666
912,bank-marketing,1000,0.7955465587044535
913,bank-marketing,1000,0.7794871794871795
914,bank-marketing,1000,0.7944111776447106
915,bank-marketing,1000,0.7984570877531341
916,bank-marketing,1000,0.8089668615984406
917,bank-marketing,1000,0.7964426877470355
918,bank-marketing,1000,0.7768924302788844
919,bank-marketing,1000,0.7839388145315488
920,bank-marketing,1000,0.7934044616876819
921,bank-marketing,1000,0.7847082494969819
922,bank-marketing,1000,0.7963891675025075
923,bank-marketing,1000,0.8155893536121673
924,bank-marketing,1000,0.8115384615384615
925,bank-marketing,1000,0.8056112224448898
926,bank-marketing,1000,0.7613293051359517
927,bank-marketing,1000,0.7927756653992395
928,bank-marketing,1000,0.8103946102021174
929,bank-marketing,1000,0.7613412228796844
930,bank-marketing,1000,0.7793240556660039
931,bank-marketing,1000,0.7959390862944162
932,bank-marketing,1000,0.8098039215686275
933,bank-marketing,1000,0.7976989453499521
934,bank-marketing,1000,0.7906976744186046
935,bank-marketing,1000,0.7972166998011928
936,bank-marketing,1000,0.797270955165692
937,bank-marketing,1000,0.7857142857142857
938,bank-marketing,1000,0.7960396039603961
939,bank-marketing,1000,0.7665647298674821
940,bank-marketing,1000,0.7952755905511811
941,bank-marketing,1000,0.7955911823647295
942,bank-marketing,1000,0.7797979797979798
943,bank-marketing,1000,0.8166501486620417
944,bank-marketing,1000,0.7852882703777336
945,bank-marketing,1000,0.7417355371900827
946,bank-marketing,1000,0.8034682080924855
947,bank-marketing,1000,0.7941463414634147
948,bank-marketing,1000,0.798828125
949,bank-marketing,1000,0.7794871794871795
950,bank-marketing,1000,0.8004158004158004
951,bank-marketing,1000,0.76875
952,bank-marketing,1000,0.7992125984251969
953,bank-marketing,1000,0.7935299714557564
954,bank-marketing,1000,0.8023369036027264
955,bank-marketing,1000,0.7854251012145749
956,bank-marketing,1000,0.8082595870206489
957,bank-marketing,1000,0.7945472249269717
958,bank-marketing,1000,0.7852147852147852
959,bank-marketing,1000,0.7921182266009852
960,bank-marketing,1000,0.7972972972972973
961,bank-marketing,1000,0.8035363457760314
962,bank-marketing,1000,0.7797619047619048
963,bank-marketing,1000,0.7852760736196319
964,bank-marketing,1000,0.7871720116618076
965,bank-marketing,1000,0.8073217726396917
966,bank-marketing,1000,0.7976989453499521
967,bank-marketing,1000,0.7860696517412935
968,bank-marketing,1000,0.8054740957966764
969,bank-marketing,1000,0.8117073170731708
970,bank-marketing,1000,0.7814702920443102
971,bank-marketing,1000,0.7836034318398475
972,bank-marketing,1000,0.7902439024390244
973,bank-marketing,1000,0.7820895522388059
974,bank-marketing,1000,0.7996089931573802
975,bank-marketing,1000,0.7922998986828774
976,bank-marketing,1000,0.782
977,bank-marketing,1000,0.7843137254901961
978,bank-marketing,1000,0.7871485943775101
979,bank-marketing,1000,0.7816764132553606
980,bank-marketing,1000,0.7819253438113949
981,bank-marketing,1000,0.8062317429406037
982,bank-marketing,1000,0.8068181818181818
983,bank-marketing,1000,0.811787072243346
984,bank-marketing,1000,0.8023483365949119
985,bank-marketing,1000,0.8104312938816449
986,bank-marketing,1000,0.8011583011583011
987,bank-marketing,1000,0.797373358348968
988,bank-marketing,1000,0.8
989,bank-marketing,1000,0.7808219178082192
990,bank-marketing,1000,0.7876984126984127
991,bank-marketing,1000,0.8160597572362278
992,bank-marketing,1000,0.788480635551142
993,bank-marketing,1000,0.7876923076923077
994,bank-marketing,1000,0.7917948717948718
995,bank-marketing,1000,0.7984267453294002
996,bank-marketing,1000,0.80859375
997,bank-marketing,1000,0.8172248803827751
998,bank-marketing,1000,0.7881773399014779
999,bank-marketing,1000,0.8015794669299111
1000,california,1000,0.8706624605678234
1001,california,1000,0.8507614213197969
1002,california,1000,0.872255489021956
1003,california,1000,0.8660624370594159
1004,california,1000,0.8565776458951533
1005,california,1000,0.8762475049900199
1006,california,1000,0.8539094650205762
1007,california,1000,0.8830409356725146
1008,california,1000,0.8663212435233161
1009,california,1000,0.8501594048884166
1010,california,1000,0.8767123287671232
1011,california,1000,0.8457609805924413
1012,california,1000,0.8674698795180723
1013,california,1000,0.8548223350253807
1014,california,1000,0.8623481781376519
1015,california,1000,0.8465608465608465
1016,california,1000,0.8728382502543235
1017,california,1000,0.8559585492227979
1018,california,1000,0.8728382502543235
1019,california,1000,0.8612836438923396
1020,california,1000,0.8636836628511967
1021,california,1000,0.8640973630831643
1022,california,1000,0.863265306122449
1023,california,1000,0.8679611650485437
1024,california,1000,0.8428720083246618
1025,california,1000,0.8713272543059777
1026,california,1000,0.8494845360824742
1027,california,1000,0.838569880823402
1028,california,1000,0.8734693877551021
1029,california,1000,0.8696558915537018
1030,california,1000,0.8686659772492245
1031,california,1000,0.8626653102746694
1032,california,1000,0.8477611940298507
1033,california,1000,0.8709677419354839
1034,california,1000,0.8423280423280424
1035,california,1000,0.8786359077231695
1036,california,1000,0.8556806550665302
1037,california,1000,0.8748748748748749
1038,california,1000,0.8580310880829015
1039,california,1000,0.8804123711340206
1040,california,1000,0.8607068607068608
1041,california,1000,0.8596112311015118
1042,california,1000,0.8577194752774975
1043,california,1000,0.8583333333333333
1044,california,1000,0.8615384615384616
1045,california,1000,0.8698412698412699
1046,california,1000,0.8711656441717791
1047,california,1000,0.8501529051987767
1048,california,1000,0.8623481781376519
1049,california,1000,0.8492307692307692
1050,california,1000,0.8646998982706002
1051,california,1000,0.855457227138643
1052,california,1000,0.8711288711288712
1053,california,1000,0.8785228377065112
1054,california,1000,0.8770161290322581
1055,california,1000,0.872579001019368
1056,california,1000,0.8733535967578521
1057,california,1000,0.8621761658031089
1058,california,1000,0.8487394957983193
1059,california,1000,0.8729064039408867
1060,california,1000,0.8775100401606426
1061,california,1000,0.8795056642636457
1062,california,1000,0.8565573770491803
1063,california,1000,0.8512820512820513
1064,california,1000,0.8685491723466408
1065,california,1000,0.8793284365162645
1066,california,1000,0.8577114427860697
1067,california,1000,0.8574380165289256
1068,california,1000,0.8590998043052838
1069,california,1000,0.8732943469785575
1070,california,1000,0.8780487804878049
1071,california,1000,0.8637316561844863
1072,california,1000,0.8780487804878049
1073,california,1000,0.8473520249221184
1074,california,1000,0.8589607635206787
1075,california,1000,0.8525576730190572
1076,california,1000,0.8574317492416582
1077,california,1000,0.8533057851239669
1078,california,1000,0.8824701195219123
1079,california,1000,0.8495049504950495
1080,california,1000,0.871031746031746
1081,california,1000,0.8657314629258517
1082,california,1000,0.8765182186234818
1083,california,1000,0.8650875386199794
1084,california,1000,0.8571428571428571
1085,california,1000,0.882051282051282
1086,california,1000,0.8757763975155279
1087,california,1000,0.8487903225806451
1088,california,1000,0.8600201409869084
1089,california,1000,0.8547368421052631
1090,california,1000,0.879162702188392
1091,california,1000,0.8707070707070707
1092,california,1000,0.8493150684931506
1093,california,1000,0.8703517587939699
1094,california,1000,0.8596491228070176
1095,california,1000,0.8538860103626943
1096,california,1000,0.8596837944664032
1097,california,1000,0.8502202643171806
1098,california,1000,0.8786692759295499
1099,california,1000,0.8762475049900199
1100,credit,1000,0.7563025210084033
1101,credit,1000,0.7336244541484717
1102,credit,1000,0.73125
1103,credit,1000,0.7494824016563147
1104,credit,1000,0.7484536082474227
1105,credit,1000,0.7331319234642497
1106,credit,1000,0.7627811860940695
1107,credit,1000,0.737384140061792
1108,credit,1000,0.756701030927835
1109,credit,1000,0.7592592592592593
1110,credit,1000,0.7452923686818632
1111,credit,1000,0.7353266888150609
1112,credit,1000,0.7544041450777202
1113,credit,1000,0.7420042643923241
1114,credit,1000,0.7678018575851393
1115,credit,1000,0.7494692144373672
1116,credit,1000,0.757201646090535
1117,credit,1000,0.7569296375266524
1118,credit,1000,0.7175732217573222
1119,credit,1000,0.7578520770010132
1120,credit,1000,0.7470398277717977
1121,credit,1000,0.7399794450154162
1122,credit,1000,0.7453798767967146
1123,credit,1000,0.7276550998948476
1124,credit,1000,0.7574206755373593
1125,credit,1000,0.7494866529774127
1126,credit,1000,0.7566418703506907
1127,credit,1000,0.71898197242842
1128,credit,1000,0.7177334732423925
1129,credit,1000,0.772256728778468
1130,credit,1000,0.7722980062959076
1131,credit,1000,0.7729566094853683
1132,credit,1000,0.762396694214876
1133,credit,1000,0.7236842105263158
1134,credit,1000,0.7716049382716049
1135,credit,1000,0.7599206349206349
1136,credit,1000,0.7598784194528876
1137,credit,1000,0.7454739084132055
1138,credit,1000,0.7317596566523605
1139,credit,1000,0.7629268292682927
1140,credit,1000,0.7609359104781281
1141,credit,1000,0.7540279269602578
1142,credit,1000,0.7355110642781876
1143,credit,1000,0.7455867082035307
1144,credit,1000,0.7300613496932515
1145,credit,1000,0.7415254237288136
1146,credit,1000,0.7455497382198953
1147,credit,1000,0.7582748244734202
1148,credit,1000,0.7626774847870182
1149,credit,1000,0.7346938775510204
1150,credit,1000,0.748696558915537
1151,credit,1000,0.7282266526757608
1152,credit,1000,0.725609756097561
1153,credit,1000,0.7462365591397849
1154,credit,1000,0.7482724580454096
1155,credit,1000,0.7494600431965442
1156,credit,1000,0.7367303609341825
1157,credit,1000,0.7568134171907757
1158,credit,1000,0.7355623100303952
1159,credit,1000,0.7369542066027689
1160,credit,1000,0.7673216132368149
1161,credit,1000,0.7226202661207779
1162,credit,1000,0.7810526315789473
1163,credit,1000,0.7528675703858185
1164,credit,1000,0.7491995731056563
1165,credit,1000,0.7417746759720838
1166,credit,1000,0.7482305358948432
1167,credit,1000,0.7600411946446962
1168,credit,1000,0.7708737864077669
1169,credit,1000,0.7632950990615224
1170,credit,1000,0.737527114967462
1171,credit,1000,0.7447698744769874
1172,credit,1000,0.7326943556975506
1173,credit,1000,0.7647058823529411
1174,credit,1000,0.7502634351949421
1175,credit,1000,0.7649484536082474
1176,credit,1000,0.7342799188640974
1177,credit,1000,0.75177304964539
1178,credit,1000,0.7751937984496124
1179,credit,1000,0.7535070140280561
1180,credit,1000,0.7535353535353535
1181,credit,1000,0.770508826583593
1182,credit,1000,0.7489361702127659
1183,credit,1000,0.726895119418484
1184,credit,1000,0.7505154639175258
1185,credit,1000,0.7652859960552268
1186,credit,1000,0.7607361963190185
1187,credit,1000,0.7425531914893617
1188,credit,1000,0.7510917030567685
1189,credit,1000,0.7494736842105263
1190,credit,1000,0.7643979057591623
1191,credit,1000,0.7539936102236422
1192,credit,1000,0.7763546798029557
1193,credit,1000,0.7165775401069518
1194,credit,1000,0.7666666666666667
1195,credit,1000,0.7460629921259843
1196,credit,1000,0.7551867219917012
1197,credit,1000,0.7686274509803922
1198,credit,1000,0.7428571428571429
1199,credit,1000,0.7518479408658922
1200,bank-marketing,2000,0.8085539714867617
1201,bank-marketing,2000,0.8157370517928287
1202,bank-marketing,2000,0.817140009965122
1203,bank-marketing,2000,0.8040920716112532
1204,bank-marketing,2000,0.8154463390170511
1205,bank-marketing,2000,0.8109201213346815
1206,bank-marketing,2000,0.8108374384236453
1207,bank-marketing,2000,0.8056394763343404
1208,bank-marketing,2000,0.8123076923076923
1209,bank-marketing,2000,0.815828041035662
1210,bank-marketing,2000,0.8185443668993021
1211,bank-marketing,2000,0.8166750376695128
1212,bank-marketing,2000,0.8087044534412956
1213,bank-marketing,2000,0.8204121687929342
1214,bank-marketing,2000,0.8085529587270015
1215,bank-marketing,2000,0.8111111111111111
1216,bank-marketing,2000,0.8074291300097751
1217,bank-marketing,2000,0.8140243902439024
1218,bank-marketing,2000,0.803871625063678
1219,bank-marketing,2000,0.8093115403665181
1220,bank-marketing,2000,0.8020304568527918
1221,bank-marketing,2000,0.8161655988171513
1222,bank-marketing,2000,0.801
1223,bank-marketing,2000,0.7942827973455845
1224,bank-marketing,2000,0.8113669769720725
1225,bank-marketing,2000,0.8065967016491754
1226,bank-marketing,2000,0.8192893401015229
1227,bank-marketing,2000,0.800599700149925
1228,bank-marketing,2000,0.8031496062992126
1229,bank-marketing,2000,0.8093070308548306
1230,bank-marketing,2000,0.8165680473372781
1231,bank-marketing,2000,0.8165137614678899
1232,bank-marketing,2000,0.7997936016511867
1233,bank-marketing,2000,0.8092544987146529
1234,bank-marketing,2000,0.8036437246963563
1235,bank-marketing,2000,0.8016443987667009
1236,bank-marketing,2000,0.8052208835341366
1237,bank-marketing,2000,0.8076923076923077
1238,bank-marketing,2000,0.8128395061728395
1239,bank-marketing,2000,0.8225966303270565
1240,bank-marketing,2000,0.809499747347145
1241,bank-marketing,2000,0.8094021461420542
1242,bank-marketing,2000,0.8196885986941236
1243,bank-marketing,2000,0.8087649402390438
1244,bank-marketing,2000,0.8050125313283208
1245,bank-marketing,2000,0.8142570281124498
1246,bank-marketing,2000,0.8142570281124498
1247,bank-marketing,2000,0.81089258698941
1248,bank-marketing,2000,0.8102153229844767
1249,bank-marketing,2000,0.7979112271540469
1250,bank-marketing,2000,0.8209338122113905
1251,bank-marketing,2000,0.8024132730015083
1252,bank-marketing,2000,0.8081308874566188
1253,bank-marketing,2000,0.8111168296448791
1254,bank-marketing,2000,0.8056253139126067
1255,bank-marketing,2000,0.8012390294269489
1256,bank-marketing,2000,0.8073394495412844
1257,bank-marketing,2000,0.8080907745436606
1258,bank-marketing,2000,0.7948849104859335
1259,bank-marketing,2000,0.8038815117466803
1260,bank-marketing,2000,0.8184584178498986
1261,bank-marketing,2000,0.8340897629853757
1262,bank-marketing,2000,0.7989717223650386
1263,bank-marketing,2000,0.8036904151717068
1264,bank-marketing,2000,0.8193612774451098
1265,bank-marketing,2000,0.8117823265102346
1266,bank-marketing,2000,0.8148519819367788
1267,bank-marketing,2000,0.8031968031968032
1268,bank-marketing,2000,0.7923387096774194
1269,bank-marketing,2000,0.8071794871794872
1270,bank-marketing,2000,0.7992067426871592
1271,bank-marketing,2000,0.7911975435005117
1272,bank-marketing,2000,0.807920792079208
1273,bank-marketing,2000,0.8062775870524767
1274,bank-marketing,2000,0.815
1275,bank-marketing,2000,0.8166259168704156
1276,bank-marketing,2000,0.7970863683662851
1277,bank-marketing,2000,0.8061783756851021
1278,bank-marketing,2000,0.8072289156626506
1279,bank-marketing,2000,0.8120603015075377
1280,bank-marketing,2000,0.8171513060620995
1281,bank-marketing,2000,0.8088888888888889
1282,bank-marketing,2000,0.8187850944359367
1283,bank-marketing,2000,0.8036072144288577
1284,bank-marketing,2000,0.8075548749361919
1285,bank-marketing,2000,0.7955465587044535
1286,bank-marketing,2000,0.8035069623517277
1287,bank-marketing,2000,0.815935451336359
1288,bank-marketing,2000,0.8009925558312655
1289,bank-marketing,2000,0.8108108108108109
1290,bank-marketing,2000,0.8195121951219512
1291,bank-marketing,2000,0.808
1292,bank-marketing,2000,0.8097125867195243
1293,bank-marketing,2000,0.8112094395280236
1294,bank-marketing,2000,0.8130325814536341
1295,bank-marketing,2000,0.8315736551030669
1296,bank-marketing,2000,0.8170550322260783
1297,bank-marketing,2000,0.8241155954160438
1298,bank-marketing,2000,0.8086172344689379
1299,bank-marketing,2000,0.7950181629475869
1300,california,2000,0.8848848848848849
1301,california,2000,0.8810353409656545
1302,california,2000,0.8817533129459735
1303,california,2000,0.8884401817264008
1304,california,2000,0.8866799204771372
1305,california,2000,0.8860257680872151
1306,california,2000,0.8795918367346939
1307,california,2000,0.873991935483871
1308,california,2000,0.8857142857142857
1309,california,2000,0.8865671641791045
1310,california,2000,0.8732106339468303
1311,california,2000,0.8944977284199899
1312,california,2000,0.8950980392156863
1313,california,2000,0.878323108384458
1314,california,2000,0.8720283257460799
1315,california,2000,0.8865979381443299
1316,california,2000,0.8909905425584869
1317,california,2000,0.8872876994338652
1318,california,2000,0.8765432098765432
1319,california,2000,0.8989650073928044
1320,california,2000,0.8851107676455435
1321,california,2000,0.8870886075949367
1322,california,2000,0.8781700646444555
1323,california,2000,0.8983475212819229
1324,california,2000,0.8703609557702084
1325,california,2000,0.8765871000507872
1326,california,2000,0.8740438551759306
1327,california,2000,0.8915046059365405
1328,california,2000,0.8800813008130082
1329,california,2000,0.880641925777332
1330,california,2000,0.8794858061060525
1331,california,2000,0.8882294757665677
1332,california,2000,0.895771878072763
1333,california,2000,0.8983700862895494
1334,california,2000,0.8917393535146229
1335,california,2000,0.8774509803921569
1336,california,2000,0.8836978131212724
1337,california,2000,0.868448098663926
1338,california,2000,0.8855572213893054
1339,california,2000,0.8938656280428432
1340,california,2000,0.8806339772164438
1341,california,2000,0.8821052631578947
1342,california,2000,0.8914342629482072
1343,california,2000,0.8831967213114754
1344,california,2000,0.884830035514967
1345,california,2000,0.8759842519685039
1346,california,2000,0.8827800829875518
1347,california,2000,0.8762098828323994
1348,california,2000,0.8833922261484098
1349,california,2000,0.8861386138613861
1350,california,2000,0.8768619662363456
1351,california,2000,0.8820058997050148
1352,california,2000,0.8871128871128872
1353,california,2000,0.8698347107438017
1354,california,2000,0.8881048387096774
1355,california,2000,0.8916500994035785
1356,california,2000,0.8776458440887971
1357,california,2000,0.8883399209486166
1358,california,2000,0.8769149498151083
1359,california,2000,0.8924302788844621
1360,california,2000,0.8767263427109975
1361,california,2000,0.8880233690360273
1362,california,2000,0.8671706263498921
1363,california,2000,0.8844221105527639
1364,california,2000,0.8818048062775871
1365,california,2000,0.8759650025733402
1366,california,2000,0.8811881188118812
1367,california,2000,0.8653846153846154
1368,california,2000,0.8838804507594317
1369,california,2000,0.87943971985993
1370,california,2000,0.8803680981595092
1371,california,2000,0.8853910477127398
1372,california,2000,0.8788187372708758
1373,california,2000,0.8862034239677744
1374,california,2000,0.8766001024065541
1375,california,2000,0.8912386706948641
1376,california,2000,0.8751279426816786
1377,california,2000,0.8926108374384236
1378,california,2000,0.8897599216070554
1379,california,2000,0.8897876643073812
1380,california,2000,0.8713910761154856
1381,california,2000,0.888997555012225
1382,california,2000,0.8894549159449822
1383,california,2000,0.8884360672440142
1384,california,2000,0.8817858954845256
1385,california,2000,0.8866085171883017
1386,california,2000,0.8689024390243902
1387,california,2000,0.886991461577097
1388,california,2000,0.8961038961038961
1389,california,2000,0.8785529715762274
1390,california,2000,0.8834355828220859
1391,california,2000,0.8789873417721519
1392,california,2000,0.8861283643892339
1393,california,2000,0.8759358288770054
1394,california,2000,0.8868407578084997
1395,california,2000,0.8918000970402717
1396,california,2000,0.8785607196401799
1397,california,2000,0.8910411622276029
1398,california,2000,0.8892261001517451
1399,california,2000,0.884797475013151
1400,credit,2000,0.7682317682317682
1401,credit,2000,0.7713276123170116
1402,credit,2000,0.7828185328185329
1403,credit,2000,0.7626774847870182
1404,credit,2000,0.763328350772297
1405,credit,2000,0.7740336967294351
1406,credit,2000,0.7960591133004926
1407,credit,2000,0.7939600584510472
1408,credit,2000,0.7708947885939036
1409,credit,2000,0.779296875
1410,credit,2000,0.7694672131147541
1411,credit,2000,0.7786407766990291
1412,credit,2000,0.7578520770010132
1413,credit,2000,0.7686973749380882
1414,credit,2000,0.7803180914512923
1415,credit,2000,0.7618080243778568
1416,credit,2000,0.7744209466263847
1417,credit,2000,0.768
1418,credit,2000,0.7752247752247752
1419,credit,2000,0.7676266137040715
1420,credit,2000,0.7700693756194251
1421,credit,2000,0.7797443461160275
1422,credit,2000,0.7707317073170732
1423,credit,2000,0.7708333333333334
1424,credit,2000,0.775390625
1425,credit,2000,0.7857142857142857
1426,credit,2000,0.7683730359858084
1427,credit,2000,0.7690802348336595
1428,credit,2000,0.7714007782101168
1429,credit,2000,0.7766011094301564
1430,credit,2000,0.768762677484787
1431,credit,2000,0.7543147208121828
1432,credit,2000,0.7609461499748364
1433,credit,2000,0.786771964461994
1434,credit,2000,0.7694595934556272
1435,credit,2000,0.7665647298674821
1436,credit,2000,0.7865612648221344
1437,credit,2000,0.7631447170756134
1438,credit,2000,0.7835968379446641
1439,credit,2000,0.7641462193289935
1440,credit,2000,0.7714863498483316
1441,credit,2000,0.7850098619329389
1442,credit,2000,0.7953275774504824
1443,credit,2000,0.7805611222444889
1444,credit,2000,0.7823470411233701
1445,credit,2000,0.7737003058103975
1446,credit,2000,0.781437125748503
1447,credit,2000,0.77601585728444
1448,credit,2000,0.7811284046692607
1449,credit,2000,0.7766895200783546
1450,credit,2000,0.7846696923852748
1451,credit,2000,0.7766497461928934
1452,credit,2000,0.7636003956478734
1453,credit,2000,0.7880539499036608
1454,credit,2000,0.775330396475771
1455,credit,2000,0.7735849056603774
1456,credit,2000,0.7748743718592965
1457,credit,2000,0.7696030977734754
1458,credit,2000,0.780107264748903
1459,credit,2000,0.7551020408163265
1460,credit,2000,0.7703559239395417
1461,credit,2000,0.7714987714987716
1462,credit,2000,0.7606060606060606
1463,credit,2000,0.7775609756097561
1464,credit,2000,0.7752247752247752
1465,credit,2000,0.7733061640346408
1466,credit,2000,0.756
1467,credit,2000,0.7619047619047619
1468,credit,2000,0.7762203963267279
1469,credit,2000,0.7685459940652819
1470,credit,2000,0.7651821862348178
1471,credit,2000,0.7881149537262543
1472,credit,2000,0.7700587084148728
1473,credit,2000,0.7630799605133267
1474,credit,2000,0.7744174516608825
1475,credit,2000,0.7728382999511481
1476,credit,2000,0.7787087235091178
1477,credit,2000,0.7759036144578313
1478,credit,2000,0.7745547073791349
1479,credit,2000,0.7836034318398475
1480,credit,2000,0.7733990147783252
1481,credit,2000,0.7760598503740649
1482,credit,2000,0.7880597014925373
1483,credit,2000,0.7557368689444162
1484,credit,2000,0.789447972642892
1485,credit,2000,0.7660847880299252
1486,credit,2000,0.7809616318601262
1487,credit,2000,0.7843326885880078
1488,credit,2000,0.7822539520652728
1489,credit,2000,0.7676369018253577
1490,credit,2000,0.7739759036144578
1491,credit,2000,0.781563126252505
1492,credit,2000,0.7693856998992951
1493,credit,2000,0.7700693756194251
1494,credit,2000,0.7803439803439803
1495,credit,2000,0.7811741872877244
1496,credit,2000,0.757679180887372
1497,credit,2000,0.7739087788131437
1498,credit,2000,0.7904015670910872
1499,credit,2000,0.7864609258337482
